dataset,source,link,markers,bar,stack,hvr,xtickformat,tickformat,highlight,charttitle,subtitle,Note,sol_chapter,sol_subsection,owner,opts,mopts,pp
infvol,Community Life survey,https://www.gov.uk/government/collections/community-life-survey--2,FALSE,FALSE,FALSE,%{y},,.0f,TRUE,Informal volunteering,Proportion who informally volunteered at least once in the last year (%) ,,Community participation,Civic Participation,Barry Fong,,,
infloc,Community Life survey,https://www.gov.uk/government/collections/community-life-survey--2,FALSE,FALSE,FALSE,%{y},,,TRUE,Influencing decisions in local area,Proportion who feel able to influence decisions affecting their local area (%) ,,Community participation,Democratic Participation,Barry Fong,,,
nghbel,"DCMS, Community Life Survey ",https://www.gov.uk/government/collections/community-life-survey--2,FALSE,FALSE,FALSE,%{y},,.0f,TRUE,Neighbourhood belonging,Proportion who feel they belong very or fairly strongly to their immediate neighbourhood (%) ,,Community participation,The neighbourhood,Barry Fong,,,
votereg,0,0,FALSE,FALSE,FALSE,%{y},,%,TRUE,Voter registration,Proportion of eligible adults aged 18 and over who are registered for local elections (%) ,,Community participation,Democratic Participation,Barry Fong,,,
socact,Community Life Survey data,https://www.gov.uk/government/collections/community-life-survey--2,FALSE,FALSE,FALSE,%{y},,.0f,TRUE,Social action,Proportion who were personally involved in social action in the last year (%) ,,Community participation,Civic Participation,Barry Fong,,,
nghbtrst,Community Life survey,https://www.gov.uk/government/collections/community-life-survey--2,FALSE,FALSE,FALSE,%{y},,.0f,TRUE,Neighbourhood trust,Proportion who agree that many of the people can be trusted in their local neighbourhood (%) ,,Community participation,The neighbourhood,Barry Fong,,,
sol_nghb,Community Life survey,https://www.gov.uk/government/collections/community-life-survey--2,FALSE,FALSE,FALSE,%{y},,.0f,TRUE,Talking to neighbours,Proportion who chat to their neighbours at least once a month (%) ,,Community participation,Relationships,Barry Fong,,,
sol_hlp,Community Life survey,https://www.gov.uk/government/collections/community-life-survey--2,FALSE,FALSE,FALSE,%{y},,.0f,TRUE,Social isolation,Proportion who agree that if they needed help there are people who would be there for them (%) ,,Community participation,Relationships,Barry Fong,,,
sol_culture,Survey of Londoners 2018-19 and GLA/YouGov,https://data.london.gov.uk/dataset/survey-of-londoners-headline-findings,FALSE,FALSE,FALSE,%{y},,.0f,FALSE,Participation in formal culture and events,Proportion who have participated in formal culture and events in the last month (%) ,,Community participation,Social Participation,Barry Fong,,,"{""orderxd"":[""2018-19"", ""2021-22"", ""2022 (Feb)"", ""2022 (May)"", ""2022 (Aug)"", ""2022 (Nov)"", ""2023 (Feb)"", ""2023 (May)"", ""2023 (Aug)"",  ""2023 (Nov)""]}"
sol_sport,Survey of Londoners 2018-19 and GLA/YouGov,https://data.london.gov.uk/dataset/survey-of-londoners-headline-findings,FALSE,FALSE,FALSE,%{y},,.0f,FALSE,Participation in sport,Proportion who have participated in sport in the last month (%) ,,Community participation,Social Participation,Barry Fong,,,"{""orderxd"":[""2018-19"", ""2021-22"", ""2022 (Feb)"", ""2022 (May)"", ""2022 (Aug)"", ""2022 (Nov)"", ""2023 (Feb)"", ""2023 (May)"", ""2023 (Aug)"",  ""2023 (Nov)""]}"
sol_phtcrm,"MOPAC, Public Attitude Survey (PAS)",https://www.london.gov.uk/what-we-do/mayors-office-policing-and-crime-mopac/data-and-statistics/taking-part-mopacs-surveys,FALSE,FALSE,FALSE,%{y},,%,FALSE,Perception of hate crime,Proportion who think hate crime is a major/minor problem in their area (%) ,,Community participation,Cohesion,Barry Fong,,,
sol_o2mobility,Anonymised and Aggregated data by O2,0,FALSE,FALSE,FALSE,%{y},,%,FALSE,Thriving local high streets,"Proportion of 2019 footfall in local high streets in the CAZ and outside of the CAZ, using weekend visitors at 12pm (%)",,Community participation, Local Institutions,Barry Fong,,,
sol_insttrst,GLA/YouGov,0,FALSE,FALSE,FALSE,%{y},,%,FALSE,Trust in institutions,"Proportion who trust various services, using a five-point scale (%) ",,Community participation,Local Institutions,Barry Fong,"{""ticksOnValues"":true}",,
sol_footfall,,,FALSE,FALSE,FALSE,%{y},,.0f,FALSE,Footfall,"Proportion of 2019 footfall in local high streets in the CAZ and outside of the CAZ, using weekend visitors at 12pm (%)",,Community participation,Local Institutions,Barry Fong,,,
sol_tno,MOPAC (Mayor’s Office for Policing and Crime) Crime Dashboard.  ,https://www.london.gov.uk/what-we-do/mayors-office-policing-and-crime-mopac/data-and-statistics/crime-dashboard,FALSE,FALSE,FALSE,%{y},,.2s,FALSE,Total Notifiable Offences ,Number of offences recorded by the MPS,,Crime and safety,Total Crime,Sophie Deakin,,,
sol_asb,MOPAC (Mayor’s Office for Policing and Crime) Crime Dashboard.  ,https://www.london.gov.uk/what-we-do/mayors-office-policing-and-crime-mopac/data-and-statistics/crime-dashboard,FALSE,FALSE,FALSE,%{y},,.2s,FALSE,Anti-Social Behaviour,Number of calls received by the MPS,,Crime and safety,Safety,Sophie Deakin,,,
sol_rob,MOPAC (Mayor’s Office for Policing and Crime) Crime Dashboard.  ,https://www.london.gov.uk/what-we-do/mayors-office-policing-and-crime-mopac/data-and-statistics/crime-dashboard,FALSE,FALSE,FALSE,%{y},,.2s,FALSE,Personal Robbery,Number of offences recorded by the MPS,,Crime and safety,Acquisitive Crime,Sophie Deakin,,,
sol_tpo,MOPAC (Mayor’s Office for Policing and Crime) Crime Dashboard.  ,https://www.london.gov.uk/what-we-do/mayors-office-policing-and-crime-mopac/data-and-statistics/crime-dashboard,FALSE,FALSE,FALSE,%{y},,.1s,FALSE,Theft from Person Offences,Number of offences recorded by the MPS,,Crime and safety,Acquisitive Crime,Sophie Deakin,,,
sol_tfmv,MOPAC (Mayor’s Office for Policing and Crime) Crime Dashboard.  ,https://www.london.gov.uk/what-we-do/mayors-office-policing-and-crime-mopac/data-and-statistics/crime-dashboard,FALSE,FALSE,FALSE,%{y},,.1s,FALSE,Theft from Motor Vehicles Offences,Number of offences recorded by the MPS,,Crime and safety,Acquisitive Crime,Sophie Deakin,,,
sol_fraud,NFIB Fraud and Cyber Crime Dashboard,https://colpolice.maps.arcgis.com/apps/opsdashboard/index.html#/60499304565045b0bce05d2ca7e1e56c,FALSE,FALSE,FALSE,%{y},,.3s,FALSE,Fraud and Cyber Crime,Number of offences reported to Action Fraud ,"Only fraud and cyber-crime offences that constitute a crime under the Home Office Crime Recording rules are included. For note: data is only provided on the dashboard for the most recent 13-month period, hence the limited timeseries presented on the chart",Crime and safety,Acquisitive Crime,Sophie Deakin,,,
sol_vwi,MOPAC (Mayor’s Office for Policing and Crime) Crime Dashboard.  ,https://www.london.gov.uk/what-we-do/mayors-office-policing-and-crime-mopac/data-and-statistics/crime-dashboard,FALSE,FALSE,FALSE,%{y},,.0f,FALSE,Non-Domestic Violence with Injury Offences ,Number of offences recorded by the MPS,The above chart does not include any offence that has been flagged as being a Domestic Abuse (DA) offence.,Crime and safety,Violence,Sophie Deakin,,,
sol_da,MOPAC (Mayor’s Office for Policing and Crime) Crime Dashboard.  ,https://www.london.gov.uk/what-we-do/mayors-office-policing-and-crime-mopac/data-and-statistics/crime-dashboard,FALSE,FALSE,FALSE,%{y},,.2s,FALSE,Domestic Abuse Offences,Number of offences recorded by the MPS,,Crime and safety,Violence,Sophie Deakin,,,
sol_hmcd,MPS (Metropolitan Police Service) Crime Data Dashboard,https://www.met.police.uk/sd/stats-and-data/met/crime-data-dashboard/,FALSE,FALSE,FALSE,%{y},,.0f,FALSE,Homicide Offences,Number of offences recorded by the MPS,,Crime and safety,Violence,Sophie Deakin,,,
sol_knife,MOPAC Weapon-Enabled Crime Dashboard,https://www.london.gov.uk/what-we-do/mayors-office-policing-and-crime-mopac/data-and-statistics/weapon-enabled-crime-dashboard,FALSE,FALSE,FALSE,%{y},,.0f,FALSE,Non-Domestic Knife Crime with Injury Offences – Victim U25 ,Number of offences recorded by the MPS,,Crime and safety,Violence,Sophie Deakin,,,
sol_hrsm,MOPAC (Mayor’s Office for Policing and Crime) Crime Dashboard.  ,https://www.london.gov.uk/what-we-do/mayors-office-policing-and-crime-mopac/data-and-statistics/crime-dashboard,FALSE,FALSE,FALSE,%{y},,.2s,FALSE,Harassment,Number of offences recorded by the MPS,,Crime and safety,Safety,Sophie Deakin,,,
sol_sxoff,MOPAC (Mayor’s Office for Policing and Crime) Crime Dashboard.  ,https://www.london.gov.uk/what-we-do/mayors-office-policing-and-crime-mopac/data-and-statistics/crime-dashboard,FALSE,FALSE,FALSE,%{y},,.0f,FALSE,Sexual Offences,Number of offences recorded by the MPS,,Crime and safety,Violence,Sophie Deakin,,,
sol_vctsat,0,0,FALSE,FALSE,FALSE,%{y},,%,FALSE,Satisfaction Level of Reporting Victims (MPS),Percentage of survey participants (USS/TDIU),,Crime and safety,Safety,Sophie Deakin,,,
sol_fair,MOPAC Public Voice Dashboard,https://www.london.gov.uk/what-we-do/mayors-office-policing-and-crime-mopac/data-and-statistics/public-voice-dashboard,FALSE,FALSE,FALSE,%{y},,%,FALSE,Fair Treatment by the Metropolitan Police Service ,Percentage of survey participants (PAS) who agree,,Crime and safety,Safety,Sophie Deakin,,,
sol_brglry,MOPAC (Mayor’s Office for Policing and Crime) Crime Dashboard.  ,https://www.london.gov.uk/what-we-do/mayors-office-policing-and-crime-mopac/data-and-statistics/crime-dashboard,FALSE,FALSE,FALSE,%{y},,.1s,FALSE,Burglary Offences,Number of offences recorded by the MPS,,Crime and safety,Acquisitive Crime,Sophie Deakin,,,
sol_dark,MOPAC Public Voice Dashboard.,https://www.london.gov.uk/what-we-do/mayors-office-policing-and-crime-mopac/data-and-statistics/public-voice-dashboard,FALSE,TRUE,FALSE,%{y},,%,FALSE,Feeling of Safety after Dark ,Percentage of survey participants (PAS) that feel unsafe walking alone in their local area after dark ,,Crime and safety,Safety,Sophie Deakin,,,
sol_lpop,ONS mid-year population estimates,https://www.ons.gov.uk/peoplepopulationandcommunity/populationandmigration/populationestimates/datasets/populationestimatesforukenglandandwalesscotlandandnorthernireland,FALSE,FALSE,FALSE,%{y},,.2s,FALSE,Estimated population of London 2001 to 2022,Total population (millions),,Demography,Population change,Ben Corr,,,
sol_births,NHS Digital - Patients Registered at a GP Practice. GLA calculations.,0,FALSE,FALSE,FALSE,%{y},,%,TRUE,Changes in annual births over time,"London and Rest of England, annualised rate of change ",,Demography,Annual births,Ben Corr,,,
sol_cob_uk,ONS Census estimates,https://www.ons.gov.uk/census,FALSE,FALSE,FALSE,%{y},,.2s,FALSE,Population of London 2001 to 2021 by whether born in UK,Total population (millions),,Demography,Population change,Ben Corr,,,
sol_cob,ONS Census estimates,https://www.ons.gov.uk/census,FALSE,FALSE,FALSE,%{y},,.2s,FALSE,Non-UK born population of London 2001 to 2021 by place of birth,Total population (millions),,Demography,Population change,Ben Corr,,,
sol_ann_births,0,0,FALSE,FALSE,FALSE,%{y},,.2s,FALSE,Annual births in London 2001 to 2023,Annual live births for year ending (thousands),,Demography,Annual births,Ben Corr,,,
sol_mcob_uk,ONS Live birth estimates,https://www.ons.gov.uk/peoplepopulationandcommunity/birthsdeathsandmarriages/livebirths,FALSE,FALSE,FALSE,%{y},,.2s,FALSE,Annual births in London by mother’s region of birth 2001 to 2022,Annual live births by calendar year (thousands),,Demography,Annual births,Ben Corr,,,
sol_mcob,ONS Live birth estimates,https://www.ons.gov.uk/peoplepopulationandcommunity/birthsdeathsandmarriages/livebirths,FALSE,FALSE,FALSE,%{y},,.2s,FALSE,Annual births in London by mother’s place of birth 2001 to 2022,Annual live births by calendar year (thousands),,Demography,Annual births,Ben Corr,,,
sol_pop_age,Population estimates for England and Wales - Office for National Statistics (ons.gov.uk),https://www.ons.gov.uk/peoplepopulationandcommunity/populationandmigration/populationestimates/bulletins/populationestimatesforenglandandwales/mid2022,FALSE,FALSE,FALSE,%{y},,.2s,FALSE,"Population age structure, ","London, estimates for the year ending June 2022",,Demography,Population change,Veronica Tuffrey ,,,
sol_net_dom_age,ONS,https://www.ons.gov.uk/peoplepopulationandcommunity/populationandmigration/populationestimates/datasets/internalmigrationinenglandandwales,FALSE,TRUE,TRUE,%{y},,.0f,FALSE,"Net domestic migration by single year of age, London, estimates for the year ending June 2022",Thousands of migrants,,Demography,Population change,Veronica Tuffrey ,,,
aq_no2,0,0,FALSE,FALSE,FALSE,%{y},,,FALSE,Nitrogen Dioxide concentration,Micrograms per cubic meter (ug/m3) ,,Environment,Air Quality,Sarah Willis,,,
aq_pm10,0,0,FALSE,FALSE,FALSE,%{y},,,FALSE,PM10 particulate concentration,Micrograms per cubic meter (ug/m3) ,,Environment,Air Quality,Sarah Willis,,,
aq_pm25,0,0,FALSE,FALSE,FALSE,%{y},,,FALSE,PM25 particulate concentration,Micrograms per cubic meter (ug/m3) ,,Environment,Air Quality,Sarah Willis,,,
epc,MHCLG,https://data.london.gov.uk/dataset/domestic-energy-efficiency-ratings-borough,FALSE,FALSE,FALSE,%{y:.1f}%,,%,FALSE," Energy efficiency ratings of new and existing homes, London","% of all domestic dwellings (new and existing homes) with an energy performance certificate rating of A-C, as a share of all homes registered on Buildings Register",,Environment,Energy generation and efficiency,Sarah Willis,"{""forceYDomain"": [0, 1]}",,
wst,"DEFRA, ENV18 - Local authority collected waste (England and regions)",https://www.gov.uk/government/statistical-data-sets/env18-local-authority-collected-waste-annual-results-tables,FALSE,FALSE,FALSE,Total household waste:<br /><b>%{y}</b> of 2011/12 value<extra></extra>,,.0f,TRUE,Household waste collected by Local Authorities,Relative % of 2011/12 values ,Data is also available at the level of Local Authorities. ,Environment,Waste and circular economy,Sarah Willis,"{""suffix"":""%""}",,
bio,"BEIS, Regional Renewable Statistics, Regional Statistics 2003-2020: Generation",https://www.gov.uk/government/statistics/regional-renewable-statistics,FALSE,FALSE,FALSE,"%{y:,}",,.0f,FALSE,Renewable electricity generation in London,Gigawatt-hours (GWh) ,,Environment,Energy generation and efficiency,Sarah Willis,"{""forceYDomain"":[0, 1500]}",,
rcyc,"DEFRA, ENV18 - Local authority collected waste (England and regions)",https://www.gov.uk/government/statistical-data-sets/env18-local-authority-collected-waste-annual-results-tables,FALSE,FALSE,FALSE,%{y:.1f}% ,,%,TRUE,Households waste recycling rate,% of collected household waste ,Data is also available at the level of Local Authorities. ,Environment,Waste and circular economy,Sarah Willis,"{""forceYDomain"":[0, 1]}",,
sol_greenhouse,"GLA, LEGGI 2018",https://data.london.gov.uk/dataset/leggi,FALSE,TRUE,TRUE,%{y},,.0f,FALSE,Greenhouse Gas emissions in London,Megatons of CO2 equivalent ,,Environment,Greenhouse,Sarah Willis,"{""xFontsize"":""10pt"",""lblFontsize"":""10pt"",""broke_x"":2}","{""cheight"":600}",
sol_pc_greenhouse,"GLA, LEGGI 2018",https://data.london.gov.uk/dataset/leggi,FALSE,FALSE,FALSE,%{y},,.0f,TRUE,Per-capita consumption emissions in London and the UK,Tonnes GHG from consumption per capita (tCO2e/capita),,Environment,Greenhouse,Sarah Willis,"{""forceYDomain"": [0, 18]}",,
sol_life_exp64,Office for National Statistics (ONS),https://www.ons.gov.uk/peoplepopulationandcommunity/healthandsocialcare/healthandlifeexpectancies/bulletins/healthstatelifeexpectanciesuk/2018to2020,FALSE,FALSE,FALSE,%{y},,.1f,TRUE,Healthy life expectancy at age 60-64 years,"In London and England, by sex (2011-13 to 2018–20) ",,Health and Wellbeing,"Life expectancy, mortality and inequalities",Veronica Tuffrey ,"{""leglab"":""legend"", ""xFontsize"":""11pt"", ""yFontsize"": ""11pt""}","{""multichart"":""lines_horiz"", ""subheads"":[""Female (Years)"", ""Male (Years)""]}","{""wrap_text"":true}"
sol_life_exp02,Office for National Statistics (ONS),https://www.ons.gov.uk/peoplepopulationandcommunity/healthandsocialcare/healthandlifeexpectancies/bulletins/healthstatelifeexpectanciesuk/2018to2020,FALSE,FALSE,FALSE,%{y},,.1f,TRUE,Healthy life expectancy at birth,"In London and England, by sex (2011-13 to 2018–20) ",,Health and Wellbeing,"Life expectancy, mortality and inequalities",Veronica Tuffrey ,"{""leglab"":""legend"", ""xFontsize"":""11pt"", ""yFontsize"": ""11pt""}","{""multichart"":""lines_horiz"", ""subheads"":[""Female (Years)"", ""Male (Years)""]}","{""wrap_text"":true}"
sol_75_mort,OHID Health Profile for London Report,https://fingertips.phe.org.uk/static-reports/health-profile-for-england/regional-profile-london.html,FALSE,TRUE,FALSE,%{y},,.0f,FALSE,Under 75-year mortality rate by deprivation decile in London,"Comparison of the three years 2019 – 2021. All-cause age-standardised mortality rate per 100,000 population ",,Health and Wellbeing,"Life expectancy, mortality and inequalities",Veronica Tuffrey ,,,
sol_adult_mort,Office for National Statistics (via Nomis),https://www.nomisweb.co.uk/datasets/mortsa,FALSE,TRUE,FALSE,%{y},,.0f,FALSE,Main causes of adult mortality in London by gender (2021) ,Number of deaths in people aged over 20 years,,Health and Wellbeing,"Life expectancy, mortality and inequalities",Veronica Tuffrey ,,,
sol_prev_disease,NHS Segmentation Model,https://tabanalytics.data.england.nhs.uk/#/site/viewpoint/views/Segmentation/Prevalence?:iid=1,FALSE,TRUE,FALSE,%{y},,.0f,FALSE,"Prevalence of common diseases in older adults in London,  ","In people aged 65 – 84 years by most and least deprived quintiles, June 2021",,Health and Wellbeing,Inequalities in morbidity,Veronica Tuffrey ,,,
sol_adult_anx,Office for National Statistics (Based on Labour Force Survey) ,https://www.ons.gov.uk/peoplepopulationandcommunity/wellbeing/bulletins/measuringnationalwellbeing/april2021tomarch2022,FALSE,FALSE,FALSE,%{y},,.1f,TRUE,Anxiety and life satisfaction for adults,"In London, 2011-12 to 2021-22","Mean responses to “Overall, how anxious did you feel yesterday”, and ""Overall, how satisfied are you with your life nowadays?” (where 0 is “not at all anxious/ satisfied” and 10 is “completely anxious/ satisfied”); X axis labels refer to the year ending in March of that year.",Health and Wellbeing,Inequalities in morbidity,Veronica Tuffrey ,,,
sol_semh,Department of Education ,https://explore-education-statistics.service.gov.uk/find-statistics/special-educational-needs-in-england,FALSE,TRUE,FALSE,%{y},,.0f,TRUE,"Percentage of school pupils with social, emotional and mental health needs","In London and England, by ethnicity (2021/22)","Data in the chart includes state-funded nursery, primary, secondary and special schools, non-maintained special schools and pupil referral units",Health and Wellbeing,Inequalities in morbidity,Veronica Tuffrey ,"{""suffix"":""%"", ""horiz"":true}",,"{""orderctg"":[""London"", ""England""],""orderxd"":[""Mixed"",""White"",""Any other ethnic groups, and unclassified"",""Asian"", ""All pupils""]}"
sol_smoke,OHID Public health profiles (based on the Annual Population Survey),https://fingertips.phe.org.uk/search/smoking#page/7/gid/1/pat/15/par/E92000001/ati/6/are/E12000007/iid/93798/age/168/sex/4/cat/-1/ctp/-1/yrr/1/cid/4/tbm/1/page-options/car-do-0_ine-yo-1:2020:-1:-1_ine-ct-137_ine-pt-0_ine-ao-0,FALSE,FALSE,FALSE,%{y},,.0f,TRUE,Smoking prevalence in adults in London by housing tenure (2021) ,Prevalence of current smoking among persons age 18 year and over ,,Health and Wellbeing,Behavioural risk factors,Veronica Tuffrey ,"{""suffix"":""%""}",,"{""orderctg"":[""London"", ""England""]}"
sol_cancdep,NHS National Cancer Registration and Analysis Service,https://www.cancerdata.nhs.uk/cwt_conversion_and_detection,FALSE,FALSE,FALSE,%{y},,.0f,FALSE,Cancer referral rate in London by deprivation quintile,"Number of urgent suspected cancer referrals (“two-week wait referrals”) / 100,000",,Health and Wellbeing,Healthcare inequalities,Veronica Tuffrey ,,,
sol_covjabs,COVID-19 Health Inequalities Monitoring for England (CHIME) tool,https://analytics.phe.gov.uk/apps/chime/,FALSE,FALSE,FALSE,%{y},,.0f,FALSE,"Percentage of adults who have received three COVID-19 vaccinations in London, by ethnic group, November 2021 – Jan 2023","Cumulative percentage of adults (18+ years) who have received three COVID vaccinations, , 2009/10 to 2020/21",,Health and Wellbeing,Healthcare inequalities,Veronica Tuffrey ,,,
sol_lbw,TBA,TBA,FALSE,FALSE,FALSE,%{y},,.1f,TRUE,"Prevalence of Low Birth Weight in London, 2006 - 2021 ","Percentage of all live births with gestational age of 37+ weeks, with a birth weight of",,Health and Wellbeing,Healthcare inequalities,Veronica Tuffrey ,,,
sol_infmor,OHID Public Health Outcomes Framework,https://fingertips.phe.org.uk/profile/public-health-outcomes-framework/data#page/4/gid/1000049/pat/15/par/E92000001/ati/6/are/E12000007/iid/90362/age/1/sex/1/cat/-1/ctp/-1/yrr/3/cid/4/tbm/1/page-options/tre-do-1,FALSE,FALSE,FALSE,%{y},,.2s,FALSE,Infant mortality rate by London borough,Infant deaths under 1 year of age per 1000 live births,,Health and Wellbeing,,Veronica Tuffrey ,,,
sol_obesity,OHID Public Health Outcomes Framework,https://fingertips.phe.org.uk/profile/public-health-outcomes-framework/data#page/4/gid/1000049/pat/15/par/E92000001/ati/6/are/E12000007/iid/90362/age/1/sex/1/cat/-1/ctp/-1/yrr/3/cid/4/tbm/1/page-options/tre-do-1,FALSE,FALSE,FALSE,%{y},,.2s,FALSE,Percentage of adults classified as overweight/obese by London borough (2021/22),% adults (aged 18+ years) with body mass index greater or equal to 25 kg/m2,,Health and Wellbeing,Behavioural risk factors,Veronica Tuffrey ,,,
sol_physact,OHID Public Health Outcomes Framework,https://fingertips.phe.org.uk/profile/public-health-outcomes-framework/data#page/4/gid/1000049/pat/15/par/E92000001/ati/6/are/E12000007/iid/90362/age/1/sex/1/cat/-1/ctp/-1/yrr/3/cid/4/tbm/1/page-options/tre-do-1,FALSE,FALSE,FALSE,%{y},,.2s,FALSE,Percentage of physically active adults by London borough (2021/22),% adults (aged 19+ years) doing 150+ minutes/week moderate intensity activity in bouts of 10+ minutes in previous 28 days,,Health and Wellbeing,Behavioural risk factors,Veronica Tuffrey ,,,
sol_asthma,OHID Child and Maternal Health fingertips profiles,https://fingertips.phe.org.uk/profile/child-health-profiles,FALSE,FALSE,FALSE,%{y},,.2s,FALSE,Hospital admissions for asthma (< 19 years) by London borough (2021/22),"Emergency hospital admissions for asthma for children under 19 years, crude rate per 100,000",,Health and Wellbeing,,Veronica Tuffrey ,,,
sol_hypert,"NHS England Quality and Outcomes Frameworok (QOF), OHID https://fingertips.phe.org.uk/search/hypertension#page/4/gid/1/pat/15/par/E92000001/ati/6/are/E12000007/iid/219/age/1/sex/4/cat/-1/ctp/-1/yrr/1/cid/4/tbm/1/page-options/car-do-0",,FALSE,FALSE,FALSE,%{y},,.0f,TRUE,"Hypertension, prevalence, London and England (all ages)",,,Health and Wellbeing,Behavioural risk factors,Yamini Cinamon Nair,,,
sol_imms_l,NHS England,,FALSE,FALSE,FALSE,%{y},,.0f,FALSE,"Childhood vaccination coverage statistics, London, multiple vaccinations selected",,,Health and Wellbeing,Behavioural risk factors,Yamini Cinamon Nair,,,
sol_imms_e,NHS England,,FALSE,FALSE,FALSE,%{y},,.0f,FALSE,"Childhood vaccination coverage statistics, England, multiple vaccinations selected",,,Health and Wellbeing,Behavioural risk factors,Yamini Cinamon Nair,,,
sol_nh_epc,DLUHC EPC live table NB1,https://www.gov.uk/government/statistical-data-sets/live-tables-on-energy-performance-of-buildings-certificates,FALSE,FALSE,FALSE,%{y},,.2s,FALSE,Annualised number of new homes completed in London,Energy Performance Certificates registered for new dwellings ,,Housing,Housing supply,James Gleeson,,,
sol_nh_pln,0,0,FALSE,FALSE,FALSE,%{y},,.2s,FALSE,Annualised planning permissions for new homes in London,Number of planning permissions ,,Housing,Housing supply,James Gleeson,,,
sol_epc,DLUHC EPC live table NB1,https://www.gov.uk/government/statistical-data-sets/live-tables-on-energy-performance-of-buildings-certificates,FALSE,FALSE,FALSE,%{y},,%,FALSE,"Energy efficiency ratings in new homes, London","% of homes registered with energy efficiency ratings of A or B, as a share of all new homes ",,Housing,Energy efficiency and affordability,James Gleeson,,,
sol_hmlsdec,DLUHC statutory homelessness local authority tables,https://www.gov.uk/government/statistical-data-sets/live-tables-on-homelessness,FALSE,FALSE,FALSE,%{y},,.3s,FALSE,Homeless households assessed as owed a prevention relief or main duty in London,Number of households,,Housing,Housing need,James Gleeson,,,
sol_rghslp,GLA CHAIN quarterly rough sleeping reports,https://data.london.gov.uk/dataset/chain-reports,FALSE,TRUE,TRUE,%{y},,.0f,FALSE,People seen sleeping rough in London for the first time ,Number of people,,Housing,Housing need,James Gleeson,,,
sol_tempacc,DLUHC statutory homelessness local authority tables,https://www.gov.uk/government/statistical-data-sets/live-tables-on-homelessness,FALSE,TRUE,TRUE,%{y},,.2s,FALSE,Homeless households in temporary accommodation arranged by London boroughs ,Number of households,,Housing,Housing need,James Gleeson,,,
sol_rnt_aff,Homelet Rental Index,https://homelet.co.uk/homelet-rental-index,FALSE,FALSE,FALSE,%{y},,%,TRUE,Private rent affordability,"Average of achieved rent as share of household income, for new tenancies ",,Housing, Energy efficiency and affordability,James Gleeson,,,
sol_poss_clm,MOJ mortgage and landlord possession statistics ,https://www.gov.uk/government/collections/mortgage-and-landlord-possession-statistics,FALSE,FALSE,FALSE,%{y},,.2s,FALSE,Possession claims made by social or private landlords in London,Number of claims ,,Housing,Housing need,James Gleeson,,,
sol_hpi,Source: House Price Index and RPI inflation,https://www.gov.uk/government/collections/uk-house-price-index-reports,FALSE,FALSE,FALSE,%{y},,.2s,TRUE,"Trend in inflation adjusted average house prices, (in 2024 prices)","ONS House Price Index, adjusted for inflation ",,Housing, Energy efficiency and affordability,Guk Yu,,,
sol_uchh,DWP Benefits data via Stat-Xplore ,https://stat-xplore.dwp.gov.uk/,FALSE,TRUE,TRUE,%{y},,.1s,FALSE,Working age London Households on means tested benefits,Households claiming one or both of the two main means-tested benefits in London ,,"Income, poverty and destitution",Poverty,Rachel Leeser,,,
sol_ucws,DWP Benefits data via Stat-Xplore ,https://stat-xplore.dwp.gov.uk/,FALSE,TRUE,TRUE,%{y},,.1s,FALSE,Londoners claiming Universal Credit by work status,"Summarised work conditionality status of people on Universal Credit, Mar 2020-Apr 2023",,"Income, poverty and destitution",Poverty,Rachel Leeser,,,
sol_relpov,DWP Households Below Average Income,https://www.gov.uk/government/collections/households-below-average-income-hbai--2,FALSE,FALSE,FALSE,%{y},,.0f,FALSE,Relative poverty in London ,Percentage of people living in London households with income below 60% contemporary median – After Housing Costs (AHC) ,,"Income, poverty and destitution",Poverty,Rachel Leeser,,,
sol_struggfin,YouGov survey Jan-Apr 2022,https://data.london.gov.uk/dataset/gla-poll-results-cost-of-living-2022,FALSE,TRUE,TRUE,%{y},,%,FALSE,Struggling financially,"Percentage of people in different financial situations,  London quarterly data shown Jan 22-Apr 23",,"Income, poverty and destitution",Poverty,Rachel Leeser,,,
sol_matdep_c,DWP Households Below Average Income 2017/18-2019/20,https://www.gov.uk/government/collections/households-below-average-income-hbai--2,FALSE,TRUE,TRUE,%{y},,.0f,FALSE,Material deprivation among Children ,% of children who experience material deprivation and low income by region,,"Income, poverty and destitution",Poverty,Rachel Leeser,,,
sol_matdep_o,"DWP Households Below Average Income, DWP",https://www.gov.uk/government/collections/households-below-average-income-hbai--2,FALSE,TRUE,TRUE,%{y},,.0f,TRUE,Material Deprivation among older people ,Percentage of pensioners in material deprivation by region (2019/20-2021/22) ,"Note: Data for the North East, Wales, Inner and Outer London is suppressed due to small sample sizes.","Income, poverty and destitution",Poverty,Rachel Leeser,,,
sol_fuelpov,"BEIS Low Income, Low Energy Efficiency dataset",https://www.gov.uk/government/collections/fuel-poverty-statistics,FALSE,FALSE,FALSE,%{y},,.0f,TRUE,Fuel Poverty,"Proportion of households in fuel poverty, London and England 2010 to 2022","Note: Prior to the 2019 data release, fuel poverty was defined on the basis of Low Income High Costs. This new definition replaces the previous dataset. ","Income, poverty and destitution",Desititution,Rachel Leeser,,,
sol_foodsec,DWP Family Resources Survey 2020/21,https://www.gov.uk/government/collections/family-resources-survey--2,FALSE,TRUE,TRUE,%{y},,.0f,FALSE,Food security,Percentage of households with differing levels of food insecurity ,,"Income, poverty and destitution",Desititution,Rachel Leeser,,,
sol_persins,Insolvency Service,https://www.gov.uk/government/collections/individual-insolvency-statistics-releases,FALSE,FALSE,FALSE,%{y},,.0f,TRUE,Debt and Personal Insolvencies,"Insolvencies per 10,000 population ",,"Income, poverty and destitution",Desititution,Rachel Leeser,,,
sol_prspov,DWP Income Dynamics,https://www.gov.uk/government/collections/income-dynamics-statistics,FALSE,TRUE,FALSE,%{y},,.0f,TRUE,Persistent poverty,Percentage in persistent poverty after housing costs (2016-2020) ,,"Income, poverty and destitution",Poverty,Rachel Leeser,,,
sol_pensmeans,DWP Benefits data via Stat-Xplore ,https://stat-xplore.dwp.gov.uk/,FALSE,TRUE,TRUE,%{y},,.2s,FALSE,Pensioners claiming means tested benefits,Residents in London over state pensionable age claiming Pension Credit or Housing Benefit ,,"Income, poverty and destitution",Poverty,Rachel Leeser,,,
sol_dhhinc,DWP Benefits data via Stat-Xplore ,https://stat-xplore.dwp.gov.uk/,FALSE,FALSE,FALSE,%{y},,.0f,FALSE,"Median disposable income and income inequality, London","Weekly Disposable Household Income After Housing Costs, London ",3-year average median equivalised income AHC indexed to 2019/20 prices,"Income, poverty and destitution",Income inequality,Rachel Leeser,,,
sol_empgap,Source: ONS Annual Population Survey.  ,0,FALSE,FALSE,FALSE,%{y},,.0f,FALSE,Employment rate gaps,"Percentage points difference, latest data for period July 2022-June 2023",,The Economy and Labour Market,Jobs,Nick Jacob,,,
sol_gva,"GLA calculations, Office for National Statistics",0,FALSE,FALSE,FALSE,%{y},,.0f,TRUE,"London’s output recovery from the pandemic, measured by real Gross Value Added ","Index, Q4 2019 = 100","Note: ‘Nowcast’ refers to the ONS’ Model-based early estimates of regional gross value added, which are experimental estimates of output growth produced using an econometric model. ",The Economy and Labour Market,Economy and Business,James Watson,,,
sol_conf,GfK NOP,0,FALSE,FALSE,FALSE,%{y},,.0f,TRUE,Consumer confidence in London ,"Confidence index, 0 = neutral ",,The Economy and Labour Market,Economy and Business,James Watson,,,
sol_busbd,ONS Business Demography,https://www.ons.gov.uk/businessindustryandtrade/business/activitysizeandlocation/datasets/businessdemographyquarterlyexperimentalstatisticsuk,FALSE,FALSE,FALSE,%{y},,.2s,FALSE,Business births and closures,Number of births and closures (four-quarter moving average) ,Experimental data,The Economy and Labour Market,Economy and Business,Mike Hope,,,
sol_workforce,GLA Economics analysis of ONS Workforce Jobs (via Nomis,https://www.ons.gov.uk/employmentandlabourmarket/peopleinwork/employmentandemployeetypes/datasets/workforcejobsbyregionandindustryjobs05,FALSE,FALSE,FALSE,%{y},,.2s,FALSE,Total Workforce Jobs ,"Number of jobs (millions), latest data for June 2023",,The Economy and Labour Market,Jobs,Nick Jacob,,,
sol_llw,Annual Survey of Hours and Earning,https://data.london.gov.uk/dataset/earning-below-llw,FALSE,FALSE,FALSE,%{y},,.0f,TRUE,Employee jobs below the London Living Wage,% of employee jobs,% of employee jobs in London paid less than the London Living Wage (LLW) vs employee jobs in the ,The Economy and Labour Market,Jobs,,,,
sol_insemp,ONS Annual Population Survey. ,https://data.london.gov.uk/dataset/insecure-employment?q=insecure%20employment,FALSE,FALSE,FALSE,%{y},,%,TRUE,Workers in insecure employment ,% of workers in insecure employment by place of residence,,The Economy and Labour Market,Jobs,0,,,
sol_noloqual,ONS Annual Population Survey,0,FALSE,FALSE,FALSE,%{y},,.0f,TRUE,Population with no or low qualifications ,"% aged 16-64, latest data for period Jan 2021-Dec 2021",,The Economy and Labour Market,Skills,0,,,
sol_neets,ONS Labour Force Survey,0,FALSE,FALSE,FALSE,%{y},,.0f,TRUE,"Young people not in Education, Employment or Training (NEET)",% aged 18-24 (four-quarter moving average) ,,The Economy and Labour Market,Skills,0,,,
sol_fdi,"fDi Markets, from the Financial Times Ltd",0,FALSE,FALSE,FALSE,%{y},,.0f,FALSE,Foreign Direct Investment (FDI) into London ,Number of projects (top series) and Capex £m (bottom series) ,,The Economy and Labour Market,Economy and Business,James Watson,,,
sol_wfprof,GLA Economics analysis of ONS Workforce Jobs (via Nomis) ,https://www.ons.gov.uk/employmentandlabourmarket/peopleinwork/employmentandemployeetypes/datasets/workforcejobsbyregionandindustryjobs05,FALSE,FALSE,FALSE,%{y},,.2s,FALSE,Workforce Jobs profile by broad sector,"Number of jobs in sections A-S (millions), latest data for June 2023",,The Economy and Labour Market,Jobs,Chris Rocks,,,
sol_inact,ONS Labour Force Survey,0,FALSE,FALSE,FALSE,%{y},,.0f,TRUE,Economic inactivity,"% aged 16-64, latest data for period Jan-Mar 2023","The London margin of error is not published for economic inactivity rates, the UK margin is +/- 0.3%.",The Economy and Labour Market,Jobs,Nick Jacob,,,
sol_empl,ONS Labour Force Survey,0,FALSE,FALSE,FALSE,%{y},,.0f,TRUE,Employment rate,"% aged 16-64, latest data for period July-September 2023",The margin of error for employment rate estimates is +/- 1.5% for London and +/- 0.1% for the UK. ,The Economy and Labour Market,Jobs,Chris Rocks,,,
sol_unempl,ONS Labour Force Survey,0,FALSE,FALSE,FALSE,%{y},,.0f,TRUE,Unemployment rate,"% economically active population, latest data for period July-September 2023",The margin of error for employment rate estimates is +/- 1.5% for London and +/- 0.1% for the UK. ,The Economy and Labour Market,Jobs,Chris Rocks,,,
sol_spending,Mastercard,0,FALSE,FALSE,FALSE,%{y},,.2s,FALSE,Weekly card spending on retail across London,"Index, February 2020 = 100 ",,The Economy and Labour Market,Economy and Business,Chris Rocks,,,
sol_highqual,ONS Annual Population Survey,TBA,FALSE,TRUE,FALSE,%{y},,%,FALSE,Proportion of people with Level 4 or above and with no qualifications in London,"% aged 16-64, latest data for period Jan 2022-Dec 2022",From 2022 the qualification framework presented in the data moved from the National Vocational Qualifications (NVQ) to the Regulated Qualification Framework (RQF) framework,The Economy and Labour Market,Skills,Monet Durieux,,,
sol_ssv,"Department for Education, Employer Skills Survey 2017 and 2022",TBA,FALSE,TRUE,FALSE,%{y},,%,FALSE,Skills-shortage vacancies as a proportion of all vacancies ,"By industry, London, 2017 and 2022",,The Economy and Labour Market,Skills,Monet Durieux,,,
sol_fe_skills,Department for Education,TBA,FALSE,FALSE,FALSE,%{y},,.2s,FALSE,"Further education and skills 19+ participation, London and England ",2011/12 to 2022/23,,The Economy and Labour Market,Skills,Monet Durieux,,,
sol_modesplit,TfL (2021) ‘Travel in London Report 14’,https://content.tfl.gov.uk/travel-in-london-report-14.pdf,FALSE,FALSE,FALSE,%{y},,%,FALSE,"Active, efficient, and sustainable travel","Proportion of trips by active, efficient, and sustainable travel ",,Transport and infrastructure,Demand/mode share,Abigail Lyons,,,
sol_actvtrav,TfL (2021) ‘Travel in London Report 14’,https://content.tfl.gov.uk/travel-in-london-report-14.pdf,FALSE,FALSE,FALSE,%{y},,%,FALSE,Active Travel,Proportion of London residents aged 20+ who achieve at least 20 minutes of active travel per day,,Transport and infrastructure,Active Travel,Abigail Lyons,,,
sol_rd_safety,TfL (2021) ‘Travel in London Report 14’,https://content.tfl.gov.uk/travel-in-london-report-14.pdf,FALSE,FALSE,FALSE,%{y},,.0f,FALSE,Road traffic collisions ,Number of people killed or seriously injured (KSI) in road traffic collisions ,"For more detailed data, see the Road safety data reports. ",Transport and infrastructure,Safety,Abigail Lyons,,,
sol_bus_safety,TfL (2021) ‘Travel in London Report 14’,https://content.tfl.gov.uk/travel-in-london-report-14.pdf,FALSE,FALSE,FALSE,%{y},,.0f,FALSE,Safety on the bus network ,Number of people killed or seriously (KSI) injured by a bus,"For more detailed data, see the Road safety data reports. ",Transport and infrastructure,Safety,Abigail Lyons,,,
sol_accessibility,TfL (2021) ‘Travel in London Report 14’,https://content.tfl.gov.uk/travel-in-london-report-14.pdf,FALSE,FALSE,FALSE,%{y},,%,FALSE,Physical accessibility of network ,Relative additional journey time using the step-free network (mins) ,,Transport and infrastructure,Accessiblity/Affordability,Abigail Lyons,,,
sol_crowding,TfL (2021) ‘Travel in London Report 14’,https://content.tfl.gov.uk/travel-in-london-report-14.pdf,FALSE,FALSE,FALSE,%{y},,%,FALSE,0,,,Transport and infrastructure,,Abigail Lyons,,,
sol_bus,TfL (2021) ‘Travel in London Report 14’,https://content.tfl.gov.uk/travel-in-london-report-14.pdf,FALSE,FALSE,FALSE,%{y},,.0f,FALSE,Bus service performance ,Average speed (mph),,Transport and infrastructure,Quality,Abigail Lyons,,,
sol_tube,0,0,FALSE,TRUE,FALSE,%{y},,%,FALSE,London Underground service performance,Scheduled and operated kilometres.,,Transport and infrastructure,Quality,Abigail Lyons,,,
sol_traffic,TfL. Note: Data shown above is weekly. ,0,FALSE,FALSE,FALSE,%{y},,.0f,FALSE,Road traffic statistics,"All motor vehicle traffic flows by area, 13-period rolling average, 2008/09-2021/23. Index: 2006/07=100 ",,Transport and infrastructure,Efficiency,Abigail Lyons,,,
sol_flfb,Ofcom,https://www.ofcom.org.uk/research-and-data/multi-sector-research/infrastructure-research,FALSE,FALSE,FALSE,%{y},,%,TRUE,Full Fibre availability ,% of premises able to access full fibre,,Transport and infrastructure,Digital,Abigail Lyons,,,
sol_notspot,Ofcom,https://www.ofcom.org.uk/research-and-data/multi-sector-research/infrastructure-research,FALSE,FALSE,FALSE,%{y},,%,TRUE,Superfast broadband unavailability,% of premises unable to access superfast broadband (speeds >30Mbit/s) ,,Transport and infrastructure,Digital,Abigail Lyons,,,
sol_digaff,Ofcom,https://www.ofcom.org.uk/research-and-data/multi-sector-research/infrastructure-research,FALSE,FALSE,FALSE,%{y},,%,TRUE,Broadband affordability,"Proportion of all adults 18+ who have experienced any affordability issues with their fixed broadband service in the last month, June-October 2021. ",,Transport and infrastructure,,Abigail Lyons,,,
sol_mobaff,Ofcom,https://www.ofcom.org.uk/research-and-data/multi-sector-research/infrastructure-research,FALSE,FALSE,FALSE,%{y},,%,TRUE,Mobile affordability,"Proportion of all adults 18+ who have experienced any affordability issues with their mobile phone in the last month, June-October 2021 ",,Transport and infrastructure,,Abigail Lyons,,,
sol_transp_aff,TfL (2021) ‘Travel in London Report 14’,https://content.tfl.gov.uk/travel-in-london-report-14.pdf,FALSE,TRUE,TRUE,%{y},,.0f,FALSE,Transport Affordability,Household expenditure on transport in pounds,,Transport and infrastructure,Accessiblity/Affordability,Abigail Lyons,,,
sol_chmort,Office for National Statistics (ONS) ,https://fingertips.phe.org.uk/profile/child-health-profiles/data#page/4/gid/1938133228/pat/15/par/E92000001/ati/6/are/E12000007/iid/90801/age/177/sex/4/cat/-1/ctp/-1/yrr/3/cid/4/tbm/1/page-options/tre-do-1_car-do-0,FALSE,FALSE,FALSE,%{y},,.0f,TRUE,Child mortality rate (1-17 years),"Child mortality rate per 100,000 in London between 2010-12 and 2018-20 ",,Young people and education,Health and Happiness,Ellie Bloom,,,
sol_inf_mort,Office for National Statistics (ONS) ,,FALSE,FALSE,FALSE,%{y},,.1f,TRUE,Infant mortality rate (under 1 years),"Infant deaths under 1 year of age per 1,000 live births between 2001-3 and 2020-22",,Young people and education,Health and Happiness,Ellie Bloom,,,
sol_ment_dis,Understanding Society Survey,,FALSE,FALSE,FALSE,%{y},,.0f,TRUE,Children with a probable mental disorder (10-15 years),"Proportion of children aged 10-15 in the UK and London with a high or very high total difficulties score (18 or more)  (%), 2009-22",,Young people and education,Health and Happiness,Ellie Bloom,,,
sol_obs,"NHS Digital, National Child Measurement Programme ",https://fingertips.phe.org.uk/profile/child-health-profiles/data#page/4/gid/1938133228/pat/15/par/E92000001/ati/6/are/E12000007/iid/90801/age/177/sex/4/cat/-1/ctp/-1/yrr/3/cid/4/tbm/1/page-options/tre-do-1_car-do-0,FALSE,FALSE,FALSE,%{y},,.0f,TRUE,Prevalence of obesity,Proportion of children in reception and year 6 that are obese (including severe obesity) ,,Young people and education,Health and Happiness,Ellie Bloom,,,
sol_eyp,Department for Education.,https://www.gov.uk/government/collections/early-years-and-childcare-statistics?msclkid=cafec978b1a911ecb6311af99b23b677,FALSE,FALSE,FALSE,%{y},,.3s,FALSE,Registered early years providers,Proportion of registered early years providers across London in March and December between 2015 and 2023,,Young people and education,Early years,Ellie Bloom,,,
sol_ofsted,GLA London Education Report 2020,https://www.london.gov.uk/sites/default/files/ler_early_years_aug2021.pdf,FALSE,FALSE,FALSE,%{y},,.0f,FALSE,Children and places in ‘good’ or ‘outstanding’ settings in London,The percentage of children and places in ‘good’ or ‘outstanding’ settings in London between 2018 and 2023,,Young people and education,Early years,Ellie Bloom,,,
sol_eydev,Department for Education,https://www.gov.uk/government/collections/statistics-early-years-foundation-stage-profile,FALSE,FALSE,FALSE,%{y},,%,TRUE,Good level of development at age five ,Percentage of children with a good level of development at age five between 2013 and 2022,,Young people and education,Early years,Ellie Bloom,,,
sol_feee,Department for Education,https://explore-education-statistics.service.gov.uk/data-tables/fast-track/e4ab4acd-b31c-40d6-bfca-035c23ce23bb,FALSE,FALSE,FALSE,%{y},,.0f,TRUE,Free Early Education Entitlement take up,Percentage of eligible children using at least part of their Free Early Education Entitlement between 2015 and 2023,,Young people and education,Early years,Ellie Bloom,,,
sol_mthr,Office for National Statistics,https://www.ons.gov.uk/employmentandlabourmarket/peopleinwork/employmentandemployeetypes/adhocs/10834employmentinlondonandukbyparentalstatussexandethnicity2012to2019,FALSE,FALSE,FALSE,%{y},,%,TRUE,Mothers with dependent children in London who are in paid work ,Percentage of mothers with dependent children in London who are in paid work between 2012 and 2022,,Young people and education,Early years,Ellie Bloom,,,
sol_engmat,Department for Education,https://www.gov.uk/government/collections/statistics-gcses-key-stage-4,FALSE,TRUE,FALSE,%{y},,.0f,TRUE,Standard 9-4 pass in English and Mathematics GCSEs ,Percentage of pupils who achieved a standard 9-4 pass in English and Mathematics GCSEs between 2015-16 and 2022-23,,Young people and education,Key stage 4,Ellie Bloom,,,
sol_att8,Department for Education,https://www.gov.uk/government/collections/statistics-gcses-key-stage-4,FALSE,TRUE,FALSE,%{y},,.0f,TRUE,Average attainment 8 score,The average attainment 8 score per pupil in London and England between 2015-16 and 2022-23,,Young people and education,Key stage 4,Ellie Bloom,,,
sol_prmexcl,Department for Education,https://www.gov.uk/government/collections/statistics-exclusions?msclkid=15fce2b4b1ab11ec997eb12469b4ef2f,FALSE,FALSE,FALSE,%{y},,.0f,TRUE,Permanent exclusion rate across all schools,The permanent exclusion rate13 across all schools in London and England between 2011-12 and 2020-21 ,,Young people and education,Key stage 4,Ellie Bloom,,,
sol_susp,Department for Education,,FALSE,FALSE,FALSE,%{y},,.0f,TRUE,Suspension rate,"The rate of pupils with at least one suspension  per 10,000 for pupils with at least in London and England between 2011-12 and 2021-22",,Young people and education,Key stage 4,Ellie Bloom,,,
sol_ftexcl,Department for Education,https://www.gov.uk/government/collections/statistics-exclusions?msclkid=15fce2b4b1ab11ec997eb12469b4ef2f,FALSE,FALSE,FALSE,%{y},,.1f,TRUE,Fixed-term exclusion rate,The fixed term exclusion rate11 for pupils with at least one fixed term exclusion in the academic year in London and England between 2011-12 and 2021-22,,Young people and education,Key stage 4,Ellie Bloom,,,
sol_ehcp,Department for Education,https://www.gov.uk/government/collections/statistics-special-educational-needs-sen?msclkid=994b8750b1ab11ecb9341e7659d26250,FALSE,TRUE,FALSE,%{y},,%,FALSE,Annual change in the number of pupils and the number of pupils with an EHC plan or statement of SEN,Annual change in the number of pupils with an EHC plan or statement of SEN and the number of pupils in London and England between 2016-17 and 2022-23,,Young people and education,Special Needs/disabilities,Ellie Bloom,,,
sol_lvl3,Department for Education,https://www.gov.uk/government/collections/statistics-attainment-at-19-years,FALSE,FALSE,FALSE,%{y},,.0f,TRUE,Achievement of at least 2 substantial level 3 qualifications,Percentage of students achieving at least two substantial level 3 qualifications in London and England between 2016-17 and 2022-23,,Young people and education,Post Key Stage 4,Ellie Bloom,,,
sol_app,Department for Education,https://www.gov.uk/government/statistical-data-sets/fe-data-library-apprenticeships#apprenticeship-and-traineeships-annual-data,FALSE,FALSE,FALSE,%{y},,.2s,FALSE,Apprenticeship programme starts and completions,The number of apprenticeship programme starts and completions for under 19s and 19-24 year olds between 2014/15 and 2022/23,,Young people and education,Post Key Stage 4,Ellie Bloom,,,
sol_sfty,"Public Attitudes Survey, MOPAC",https://dam.ukdataservice.ac.uk/media/455335/crimeconference8dec2014reddin.pdf?msclkid=a3b67b21b1ae11eca1112ad247a029d6,FALSE,TRUE,FALSE,%{y},,%,FALSE,Safety of local area for children and young people to grow up,Percentage of Londoners who agreed that their local area is a safe place for children and young people to grow up between 2017-18 and 2022-23,,Young people and education,Safety,Ellie Bloom,,,
sol_ylstsf,Children’s Society analysis of Understanding Society Survey,https://www.childrenssociety.org.uk/good-childhood,FALSE,FALSE,FALSE,%{y},,.1f,TRUE,Children’s happiness with life as a whole,Children’s mean happiness score for life as a whole between 2011-12 and 2020-21,,Young people and education,Health and Happiness,Yamini Cinamon Nair,,,
